"time in sec since January 1, 1970, 00:00:00 (UTC)",heading (degrees),roll (degrees),pitch (degrees),Gx (m/s2),Gy (m/s2),Gz (m/s2),ax (m/s2),ay (m/s2),az (m/s2),gyroscope x (deg/sec),gyroscope y (deg/sec),gyroscope z (deg/sec),magnetometer x (micro-Teslas),magnetometer y (micro-Teslas),magnetometer z (micro-Teslas),temperature celcius,quaternion x,quaternion y,quaternion z,quaternion w,heading (deg),roll (deg),pitch (deg)
1563146664.691981,0.0,0.0,0.0,0.0,0.0,0.0,0.0,0.0,0.0,-0.0011111111111111111,0.0022222222222222222,0.0,-15.25,-7.0625,-48.5625,28,0.0,0.0,0.0,0.0,0.0,0.0,0.0
1563146664.731419,0.0,0.0,0.0,-0.06,-0.97,9.75,-0.01,0.0,-0.19,-0.0011111111111111111,-0.0011111111111111111,-0.0022222222222222222,-15.25,-7.0625,-48.5625,28,0.0,0.0,0.0,1.0,0.0,0.0,0.0
1563146664.769907,0.0,-0.375,5.6875,-0.06,-0.97,9.75,0.02,0.02,-0.22,-0.0033333333333333335,0.0011111111111111111,0.0011111111111111111,-14.875,-6.0,-49.0625,28,-0.0499267578125,0.0035400390625,0.0,0.99871826171875,0.0,-0.375,5.6875
1563146664.812036,0.0,-0.375,5.6875,-0.06,-0.97,9.75,0.01,0.01,-0.18,-0.0033333333333333335,0.0022222222222222222,0.0011111111111111111,-14.875,-6.0,-49.0625,28,-0.0499267578125,0.0035400390625,0.0,0.99871826171875,0.0,-0.375,5.6875
1563146664.854002,0.0,-0.375,5.6875,-0.06,-0.97,9.75,-0.01,0.02,-0.19,-0.0033333333333333335,0.0011111111111111111,0.0022222222222222222,-13.75,-5.5625,-48.25,28,-0.0499267578125,0.0035400390625,0.0,0.99871826171875,0.0,-0.375,5.6875
1563146664.900246,0.0,-0.375,5.6875,-0.06,-0.97,9.75,0.01,0.01,-0.18,-0.0022222222222222222,0.0044444444444444444,0.0,-14.0625,-5.5625,-45.875,28,-0.0499267578125,0.0035400390625,0.0,0.99871826171875,0.0,-0.375,5.6875
1563146664.93903,0.0,-0.375,5.6875,-0.06,-0.97,9.75,0.03,0.01,-0.18,0.0,0.0,0.0022222222222222222,-14.0625,-4.875,-46.25,28,-0.0499267578125,0.0035400390625,0.0,0.99871826171875,0.0,-0.375,5.6875
1563146664.978942,0.0,-0.375,5.6875,-0.06,-0.97,9.75,0.02,0.01,-0.15,-0.0033333333333333335,0.0011111111111111111,-0.0022222222222222222,-14.875,-5.25,-46.6875,28,-0.0499267578125,0.0035400390625,0.0,0.99871826171875,0.0,-0.375,5.6875
1563146665.018975,0.0,-0.375,5.6875,-0.06,-0.97,9.75,0.0,0.01,-0.16,-0.0022222222222222222,0.005555555555555556,-0.0022222222222222222,-14.875,-5.5625,-47.375,28,-0.0499267578125,0.0035400390625,0.0,0.99871826171875,0.0,-0.375,5.6875
1563146665.061044,0.0,-0.375,5.6875,-0.06,-0.97,9.75,0.01,0.04,-0.16,-0.0033333333333333335,0.0033333333333333335,0.0011111111111111111,-14.875,-5.5625,-47.375,28,-0.0499267578125,0.0035400390625,0.0,0.99871826171875,0.0,-0.375,5.6875
1563146665.104913,0.0,-0.375,5.6875,-0.06,-0.97,9.75,0.0,0.01,-0.13,-0.0022222222222222222,0.0022222222222222222,0.0,-13.375,-6.375,-45.5,28,-0.0499267578125,0.0035400390625,0.0,0.99871826171875,0.0,-0.375,5.6875
1563146665.14532,0.0,-0.375,5.6875,-0.06,-0.97,9.75,0.0,0.04,-0.17,0.0,0.0044444444444444444,0.0033333333333333335,-14.5,-5.25,-46.6875,28,-0.0499267578125,0.0035400390625,0.0,0.99871826171875,0.0,-0.375,5.6875
1563146665.183332,0.0,-0.375,5.6875,-0.06,-0.97,9.75,0.0,0.02,-0.17,-0.0033333333333333335,0.0022222222222222222,0.0011111111111111111,-14.0625,-5.25,-45.875,28,-0.0499267578125,0.0035400390625,0.0,0.99871826171875,0.0,-0.375,5.6875
1563146665.223668,0.0,-0.375,5.6875,-0.06,-0.97,9.75,0.01,0.01,-0.17,-0.0022222222222222222,0.0,0.0011111111111111111,-14.0625,-5.25,-46.25,28,-0.0499267578125,0.0035400390625,0.0,0.99871826171875,0.0,-0.375,5.6875
1563146665.270176,0.0,-0.375,5.6875,-0.06,-0.97,9.75,0.01,0.0,-0.17,-0.0033333333333333335,0.0011111111111111111,0.0,-14.0625,-6.0,-47.375,28,-0.0499267578125,0.0035400390625,0.0,0.99871826171875,0.0,-0.375,5.6875
1563146665.313811,0.0,-0.375,5.6875,-0.06,-0.97,9.75,0.0,0.01,-0.16,-0.0033333333333333335,0.0022222222222222222,0.0,-14.0625,-6.0,-47.375,28,-0.0499267578125,0.0035400390625,0.0,0.99871826171875,0.0,-0.375,5.6875
1563146665.36056,0.0,-0.375,5.6875,-0.06,-0.97,9.75,0.0,0.01,-0.15,0.0,0.0011111111111111111,-0.0022222222222222222,-14.5,-5.5625,-45.875,28,-0.0499267578125,0.0035400390625,0.0,0.99871826171875,0.0,-0.375,5.6875
1563146665.403014,0.0,-0.375,5.6875,-0.06,-0.97,9.75,0.0,0.01,-0.15,0.0022222222222222222,-0.0011111111111111111,-0.0011111111111111111,-13.75,-4.5,-45.5,28,-0.0499267578125,0.0035400390625,0.0,0.99871826171875,0.0,-0.375,5.6875
1563146665.444529,0.0,-0.375,5.6875,-0.06,-0.97,9.75,0.01,0.02,-0.15,0.0,0.0022222222222222222,-0.0011111111111111111,-13.75,-5.25,-46.25,28,-0.0499267578125,0.0035400390625,0.0,0.99871826171875,0.0,-0.375,5.6875
1563146665.486677,0.0,-0.375,5.6875,-0.06,-0.97,9.75,0.0,0.02,-0.18,0.0011111111111111111,0.0022222222222222222,-0.0022222222222222222,-14.0625,-5.25,-46.25,28,-0.0499267578125,0.0035400390625,0.0,0.99871826171875,0.0,-0.375,5.6875
1563146665.524683,0.0,-0.375,5.6875,-0.06,-0.97,9.75,0.0,0.02,-0.16,-0.0011111111111111111,0.0022222222222222222,0.0,-15.25,-5.25,-46.6875,28,-0.0499267578125,0.0035400390625,0.0,0.99871826171875,0.0,-0.375,5.6875
1563146665.571369,0.0,-0.375,5.6875,-0.06,-0.97,9.75,0.01,0.02,-0.16,0.0011111111111111111,0.0,-0.0011111111111111111,-14.0625,-5.5625,-46.6875,28,-0.0499267578125,0.0035400390625,0.0,0.99871826171875,0.0,-0.375,5.6875
1563146665.615084,0.0,-0.375,5.6875,-0.06,-0.97,9.75,0.0,0.02,-0.15,0.0,0.0,0.0,-14.0625,-5.5625,-46.6875,28,-0.0499267578125,0.0035400390625,0.0,0.99871826171875,0.0,-0.375,5.6875
1563146665.661809,0.0,-0.375,5.6875,-0.06,-0.97,9.75,0.0,0.03,-0.16,0.0011111111111111111,0.0022222222222222222,-0.0033333333333333335,-14.0625,-6.0,-44.75,28,-0.0499267578125,0.0035400390625,0.0,0.99871826171875,0.0,-0.375,5.6875
1563146665.704368,0.0,-0.375,5.6875,-0.06,-0.97,9.75,0.0,0.04,-0.17,0.0011111111111111111,0.0044444444444444444,-0.0044444444444444444,-14.5,-5.5625,-45.0625,28,-0.0499267578125,0.0035400390625,0.0,0.99871826171875,0.0,-0.375,5.6875
1563146665.743526,0.0,-0.375,5.6875,-0.06,-0.97,9.75,0.01,0.0,-0.18,-0.0022222222222222222,0.0022222222222222222,-0.0011111111111111111,-13.75,-5.25,-46.25,28,-0.0499267578125,0.0035400390625,0.0,0.99871826171875,0.0,-0.375,5.6875
1563146665.781903,0.0,-0.375,5.6875,-0.06,-0.97,9.75,0.0,0.03,-0.16,0.0,0.0033333333333333335,0.0011111111111111111,-14.0625,-6.0,-45.0625,28,-0.0499267578125,0.0035400390625,0.0,0.99871826171875,0.0,-0.375,5.6875
1563146665.821941,0.0,-0.375,5.6875,-0.06,-0.97,9.75,0.0,0.01,-0.16,0.0011111111111111111,0.0011111111111111111,0.0,-14.5,-6.0,-47.0625,28,-0.0499267578125,0.0035400390625,0.0,0.99871826171875,0.0,-0.375,5.6875
1563146665.863856,0.0,-0.375,5.6875,-0.06,-0.97,9.75,0.01,0.01,-0.14,0.0011111111111111111,0.0,0.0022222222222222222,-14.5,-6.0,-47.0625,28,-0.0499267578125,0.0035400390625,0.0,0.99871826171875,0.0,-0.375,5.6875
1563146665.904794,0.0,-0.375,5.6875,-0.06,-0.97,9.75,0.0,0.01,-0.19,-0.0011111111111111111,0.0033333333333333335,-0.0011111111111111111,-14.875,-4.875,-46.6875,28,-0.0499267578125,0.0035400390625,0.0,0.99871826171875,0.0,-0.375,5.6875
1563146665.944266,0.0,-0.375,5.6875,-0.06,-0.97,9.75,0.01,0.03,-0.16,0.0011111111111111111,-0.0022222222222222222,0.0022222222222222222,-15.5625,-6.375,-45.5,28,-0.0499267578125,0.0035400390625,0.0,0.99871826171875,0.0,-0.375,5.6875
1563146665.982735,0.0,-0.375,5.6875,-0.06,-0.97,9.75,0.0,0.01,-0.16,-0.0011111111111111111,0.0022222222222222222,-0.0011111111111111111,-16.0,-5.5625,-46.6875,28,-0.0499267578125,0.0035400390625,0.0,0.99871826171875,0.0,-0.375,5.6875
1563146666.022819,0.0,-0.375,5.6875,-0.06,-0.97,9.75,0.0,0.03,-0.16,0.0,0.0011111111111111111,0.0,-15.25,-5.5625,-46.25,28,-0.0499267578125,0.0035400390625,0.0,0.99871826171875,0.0,-0.375,5.6875
1563146666.06486,0.0,-0.375,5.6875,-0.06,-0.97,9.75,-0.02,0.01,-0.19,0.0,-0.0011111111111111111,0.0033333333333333335,-15.25,-5.5625,-46.25,28,-0.0499267578125,0.0035400390625,0.0,0.99871826171875,0.0,-0.375,5.6875
1563146666.105663,0.0,-0.375,5.6875,-0.06,-0.97,9.75,0.01,0.04,-0.16,0.0,0.0022222222222222222,-0.0033333333333333335,-13.75,-6.0,-46.25,28,-0.0499267578125,0.0035400390625,0.0,0.99871826171875,0.0,-0.375,5.6875
1563146666.145082,0.0,-0.375,5.6875,-0.06,-0.97,9.75,0.0,0.03,-0.17,-0.0011111111111111111,-0.0011111111111111111,0.0022222222222222222,-14.875,-5.25,-46.25,28,-0.0499267578125,0.0035400390625,0.0,0.99871826171875,0.0,-0.375,5.6875
1563146666.183554,0.0,-0.375,5.6875,-0.06,-0.97,9.75,-0.01,0.01,-0.18,0.0011111111111111111,0.0,0.0011111111111111111,-14.0625,-5.25,-47.0625,28,-0.0499267578125,0.0035400390625,0.0,0.99871826171875,0.0,-0.375,5.6875
1563146666.223476,0.0,-0.375,5.6875,-0.06,-0.97,9.75,0.0,0.03,-0.17,0.0,-0.0011111111111111111,-0.0011111111111111111,-14.875,-5.25,-45.5,28,-0.0499267578125,0.0035400390625,0.0,0.99871826171875,0.0,-0.375,5.6875
1563146666.265572,0.0,-0.375,5.6875,-0.06,-0.97,9.75,0.01,0.02,-0.15,0.0011111111111111111,0.0,-0.0011111111111111111,-14.875,-5.25,-45.5,28,-0.0499267578125,0.0035400390625,0.0,0.99871826171875,0.0,-0.375,5.6875
1563146666.307084,0.0,-0.375,5.6875,-0.06,-0.97,9.75,0.01,0.02,-0.18,0.0,-0.0022222222222222222,0.0011111111111111111,-13.75,-6.375,-46.25,28,-0.0499267578125,0.0035400390625,0.0,0.99871826171875,0.0,-0.375,5.6875
1563146666.345945,0.0,-0.375,5.6875,-0.06,-0.97,9.75,0.0,0.02,-0.17,-0.0011111111111111111,0.0022222222222222222,0.0,-14.0625,-6.375,-46.25,28,-0.0499267578125,0.0035400390625,0.0,0.99871826171875,0.0,-0.375,5.6875
1563146666.38433,0.0,-0.375,5.6875,-0.06,-0.97,9.75,-0.01,0.0,-0.16,0.0022222222222222222,0.0,0.0,-14.0625,-5.5625,-45.5,28,-0.0499267578125,0.0035400390625,0.0,0.99871826171875,0.0,-0.375,5.6875
1563146666.424364,0.0,-0.375,5.6875,-0.06,-0.97,9.75,0.0,0.02,-0.17,-0.0011111111111111111,-0.0011111111111111111,0.0011111111111111111,-13.375,-6.375,-47.0625,28,-0.0499267578125,0.0035400390625,0.0,0.99871826171875,0.0,-0.375,5.6875
1563146666.466241,0.0,-0.375,5.6875,-0.06,-0.97,9.75,-0.01,0.01,-0.19,0.0,0.0022222222222222222,0.0,-13.375,-6.375,-47.0625,28,-0.0499267578125,0.0035400390625,0.0,0.99871826171875,0.0,-0.375,5.6875
1563146666.507251,0.0,-0.375,5.6875,-0.06,-0.97,9.75,0.0,0.01,-0.16,-0.0011111111111111111,0.0011111111111111111,0.0011111111111111111,-13.375,-6.0,-45.0625,28,-0.0499267578125,0.0035400390625,0.0,0.99871826171875,0.0,-0.375,5.6875
1563146666.546721,0.0,-0.375,5.6875,-0.06,-0.97,9.75,0.0,0.01,-0.19,0.0011111111111111111,0.0,0.0,-13.0,-5.25,-45.875,28,-0.0499267578125,0.0035400390625,0.0,0.99871826171875,0.0,-0.375,5.6875
1563146666.585089,0.0,-0.375,5.6875,-0.06,-0.97,9.75,0.0,0.01,-0.19,-0.0011111111111111111,0.0011111111111111111,0.0,-14.0625,-6.0,-47.5,28,-0.0499267578125,0.0035400390625,0.0,0.99871826171875,0.0,-0.375,5.6875
1563146666.625177,0.0,-0.375,5.6875,-0.06,-0.97,9.75,0.0,0.01,-0.17,0.0,0.0011111111111111111,0.0011111111111111111,-15.25,-5.25,-46.25,28,-0.0499267578125,0.0035400390625,0.0,0.99871826171875,0.0,-0.375,5.6875
1563146666.667103,0.0,-0.375,5.6875,-0.06,-0.97,9.75,0.0,0.02,-0.15,-0.0011111111111111111,0.0,-0.0011111111111111111,-15.25,-5.25,-46.25,28,-0.0499267578125,0.0035400390625,0.0,0.99871826171875,0.0,-0.375,5.6875
1563146666.708123,0.0,-0.375,5.6875,-0.06,-0.97,9.75,0.0,0.02,-0.19,0.0,0.0011111111111111111,0.0011111111111111111,-14.5,-6.0,-46.25,28,-0.0499267578125,0.0035400390625,0.0,0.99871826171875,0.0,-0.375,5.6875
1563146666.747563,0.0,-0.375,5.6875,-0.06,-0.97,9.75,0.0,0.03,-0.19,-0.0022222222222222222,-0.0022222222222222222,0.0022222222222222222,-13.75,-5.5625,-45.5,28,-0.0499267578125,0.0035400390625,0.0,0.99871826171875,0.0,-0.375,5.6875
1563146666.785923,0.0,-0.375,5.6875,-0.06,-0.97,9.75,0.0,0.0,-0.16,0.0022222222222222222,0.0,0.0022222222222222222,-14.875,-5.5625,-46.6875,28,-0.0499267578125,0.0035400390625,0.0,0.99871826171875,0.0,-0.375,5.6875
1563146666.825937,0.0,-0.375,5.6875,-0.06,-0.97,9.75,0.0,0.03,-0.16,0.0,-0.0022222222222222222,0.0011111111111111111,-13.75,-4.875,-46.6875,28,-0.0499267578125,0.0035400390625,0.0,0.99871826171875,0.0,-0.375,5.6875
1563146666.867951,0.0,-0.375,5.6875,-0.06,-0.97,9.75,0.02,0.02,-0.18,0.0,0.0011111111111111111,0.0022222222222222222,-13.75,-4.875,-46.6875,28,-0.0499267578125,0.0035400390625,0.0,0.99871826171875,0.0,-0.375,5.6875
1563146666.908931,0.0,-0.375,5.6875,-0.06,-0.97,9.75,0.0,0.01,-0.16,-0.0011111111111111111,-0.0033333333333333335,0.0022222222222222222,-13.0,-5.25,-45.875,28,-0.0499267578125,0.0035400390625,0.0,0.99871826171875,0.0,-0.375,5.6875
1563146666.948484,0.0,-0.375,5.6875,-0.06,-0.97,9.75,0.0,0.0,-0.16,-0.0011111111111111111,0.0033333333333333335,-0.0011111111111111111,-13.75,-5.25,-47.0625,28,-0.0499267578125,0.0035400390625,0.0,0.99871826171875,0.0,-0.375,5.6875
1563146666.986812,0.0,-0.375,5.6875,-0.06,-0.97,9.75,0.0,0.0,-0.15,0.0,0.0,0.0011111111111111111,-14.0625,-6.0,-46.25,28,-0.0499267578125,0.0035400390625,0.0,0.99871826171875,0.0,-0.375,5.6875
1563146667.02678,0.0,-0.375,5.6875,-0.06,-0.97,9.75,0.01,0.02,-0.18,0.0,-0.0022222222222222222,0.0022222222222222222,-14.5,-4.875,-45.875,28,-0.0499267578125,0.0035400390625,0.0,0.99871826171875,0.0,-0.375,5.6875
1563146667.066967,0.0,-0.375,5.6875,-0.06,-0.97,9.75,0.0,0.01,-0.16,0.0011111111111111111,0.0011111111111111111,0.0,-14.5,-4.875,-45.875,28,-0.0499267578125,0.0035400390625,0.0,0.99871826171875,0.0,-0.375,5.6875
1563146667.103,0.0,-0.375,5.6875,-0.06,-0.97,9.75,-0.01,0.01,-0.16,0.0011111111111111111,0.0022222222222222222,0.0,-13.75,-5.5625,-45.5,28,-0.0499267578125,0.0035400390625,0.0,0.99871826171875,0.0,-0.375,5.6875
1563146667.140883,0.0,-0.375,5.6875,-0.06,-0.97,9.75,0.0,0.02,-0.19,-0.0011111111111111111,0.0,0.0011111111111111111,-14.5,-6.0,-46.6875,28,-0.0499267578125,0.0035400390625,0.0,0.99871826171875,0.0,-0.375,5.6875
1563146667.179299,0.0,-0.375,5.6875,-0.06,-0.97,9.75,0.02,0.01,-0.15,0.0011111111111111111,0.0,-0.0011111111111111111,-14.0625,-5.25,-45.875,28,-0.0499267578125,0.0035400390625,0.0,0.99871826171875,0.0,-0.375,5.6875
1563146667.219405,0.0,-0.375,5.6875,-0.06,-0.97,9.75,0.0,0.02,-0.17,0.0022222222222222222,-0.0022222222222222222,-0.0011111111111111111,-14.0625,-5.25,-45.875,28,-0.0499267578125,0.0035400390625,0.0,0.99871826171875,0.0,-0.375,5.6875
1563146667.260287,0.0,-0.375,5.6875,-0.06,-0.97,9.75,0.01,0.03,-0.15,-0.0011111111111111111,0.0,0.0,-13.75,-6.0,-45.5,28,-0.0499267578125,0.0035400390625,0.0,0.99871826171875,0.0,-0.375,5.6875
1563146667.299685,0.0,-0.375,5.6875,-0.06,-0.97,9.75,0.0,0.02,-0.17,0.0,-0.0044444444444444444,0.0,-14.875,-6.0,-46.6875,28,-0.0499267578125,0.0035400390625,0.0,0.99871826171875,0.0,-0.375,5.6875
1563146667.338145,0.0,-0.375,5.6875,-0.06,-0.97,9.75,0.0,0.02,-0.15,-0.0011111111111111111,-0.0022222222222222222,0.0011111111111111111,-14.0625,-6.0,-46.6875,28,-0.0499267578125,0.0035400390625,0.0,0.99871826171875,0.0,-0.375,5.6875
1563146667.378301,0.0,-0.375,5.6875,-0.06,-0.97,9.75,0.02,0.02,-0.16,0.0,-0.0011111111111111111,0.0011111111111111111,-13.75,-5.5625,-45.875,28,-0.0499267578125,0.0035400390625,0.0,0.99871826171875,0.0,-0.375,5.6875
1563146667.420316,0.0,-0.375,5.6875,-0.06,-0.97,9.75,0.0,0.01,-0.15,0.0011111111111111111,-0.0011111111111111111,-0.0011111111111111111,-13.75,-5.5625,-45.875,28,-0.0499267578125,0.0035400390625,0.0,0.99871826171875,0.0,-0.375,5.6875
1563146667.460987,0.0,-0.375,5.6875,-0.06,-0.97,9.75,0.0,0.04,-0.15,-0.0011111111111111111,-0.0011111111111111111,-0.0011111111111111111,-14.0625,-6.0,-46.25,28,-0.0499267578125,0.0035400390625,0.0,0.99871826171875,0.0,-0.375,5.6875
1563146667.500587,0.0,-0.375,5.6875,-0.06,-0.97,9.75,-0.02,0.0,-0.17,-0.0011111111111111111,0.0,0.0011111111111111111,-14.0625,-6.375,-46.25,28,-0.0499267578125,0.0035400390625,0.0,0.99871826171875,0.0,-0.375,5.6875
1563146667.538915,0.0,-0.375,5.6875,-0.06,-0.97,9.75,0.0,0.01,-0.19,0.0011111111111111111,0.0,0.0,-13.75,-5.25,-45.5,28,-0.0499267578125,0.0035400390625,0.0,0.99871826171875,0.0,-0.375,5.6875
1563146667.57915,0.0,-0.375,5.6875,-0.06,-0.97,9.75,0.01,0.03,-0.19,0.0011111111111111111,0.0,-0.0022222222222222222,-14.5,-5.25,-47.0625,28,-0.0499267578125,0.0035400390625,0.0,0.99871826171875,0.0,-0.375,5.6875
1563146667.621033,0.0,-0.375,5.6875,-0.06,-0.97,9.75,0.0,0.01,-0.17,-0.0011111111111111111,0.0011111111111111111,0.0011111111111111111,-14.5,-5.25,-47.0625,28,-0.0499267578125,0.0035400390625,0.0,0.99871826171875,0.0,-0.375,5.6875
1563146667.661977,0.0,-0.375,5.6875,-0.06,-0.97,9.75,0.0,0.04,-0.19,-0.0011111111111111111,-0.0033333333333333335,-0.0011111111111111111,-14.0625,-5.5625,-46.25,28,-0.0499267578125,0.0035400390625,0.0,0.99871826171875,0.0,-0.375,5.6875
1563146667.701269,0.0,-0.375,5.6875,-0.06,-0.97,9.75,0.01,0.01,-0.19,0.0,-0.0022222222222222222,0.0011111111111111111,-13.375,-6.0,-45.5,29,-0.0499267578125,0.0035400390625,0.0,0.99871826171875,0.0,-0.375,5.6875
1563146667.739729,0.0,-0.375,5.6875,-0.06,-0.97,9.75,0.0,0.01,-0.19,-0.0011111111111111111,0.0,0.0022222222222222222,-13.375,-6.375,-45.875,29,-0.0499267578125,0.0035400390625,0.0,0.99871826171875,0.0,-0.375,5.6875
1563146667.779844,0.0,-0.375,5.6875,-0.06,-0.97,9.75,0.01,0.02,-0.18,0.0,-0.0022222222222222222,0.0011111111111111111,-13.75,-6.0,-46.25,29,-0.0499267578125,0.0035400390625,0.0,0.99871826171875,0.0,-0.375,5.6875
1563146667.821805,0.0,-0.375,5.6875,-0.06,-0.97,9.75,0.01,0.03,-0.18,0.0,-0.0022222222222222222,-0.0011111111111111111,-13.75,-6.0,-46.25,29,-0.0499267578125,0.0035400390625,0.0,0.99871826171875,0.0,-0.375,5.6875
1563146667.862715,0.0,-0.375,5.6875,-0.06,-0.97,9.75,0.01,0.01,-0.16,0.0011111111111111111,0.0,0.0022222222222222222,-13.75,-5.5625,-46.6875,29,-0.0499267578125,0.0035400390625,0.0,0.99871826171875,0.0,-0.375,5.6875
1563146667.902176,0.0,-0.375,5.6875,-0.06,-0.97,9.75,0.0,0.01,-0.2,0.0011111111111111111,-0.0011111111111111111,0.0,-14.875,-6.375,-45.875,29,-0.0499267578125,0.0035400390625,0.0,0.99871826171875,0.0,-0.375,5.6875
1563146667.940575,0.0,-0.375,5.6875,-0.06,-0.97,9.75,0.01,0.01,-0.16,0.0022222222222222222,0.0,-0.0011111111111111111,-14.5,-5.25,-47.5,29,-0.0499267578125,0.0035400390625,0.0,0.99871826171875,0.0,-0.375,5.6875
1563146667.980734,0.0,-0.375,5.6875,-0.06,-0.97,9.75,0.01,0.02,-0.18,0.0,-0.0022222222222222222,0.0011111111111111111,-13.375,-4.875,-46.25,29,-0.0499267578125,0.0035400390625,0.0,0.99871826171875,0.0,-0.375,5.6875
1563146668.022592,0.0,-0.375,5.6875,-0.06,-0.97,9.75,0.0,0.02,-0.17,0.0,0.0011111111111111111,-0.0011111111111111111,-13.375,-4.875,-46.25,29,-0.0499267578125,0.0035400390625,0.0,0.99871826171875,0.0,-0.375,5.6875
1563146668.06356,0.0,-0.375,5.6875,-0.06,-0.97,9.75,0.0,0.0,-0.17,0.0022222222222222222,-0.0011111111111111111,0.0,-14.5,-5.5625,-45.0625,29,-0.0499267578125,0.0035400390625,0.0,0.99871826171875,0.0,-0.375,5.6875
1563146668.102938,0.0,-0.375,5.6875,-0.06,-0.97,9.75,0.0,0.04,-0.15,0.0,-0.0011111111111111111,0.0011111111111111111,-14.5,-5.5625,-46.25,29,-0.0499267578125,0.0035400390625,0.0,0.99871826171875,0.0,-0.375,5.6875
1563146668.141412,0.0,-0.375,5.6875,-0.06,-0.97,9.75,0.0,0.02,-0.16,-0.0011111111111111111,0.0011111111111111111,0.0,-15.5625,-5.5625,-45.875,29,-0.0499267578125,0.0035400390625,0.0,0.99871826171875,0.0,-0.375,5.6875
1563146668.181575,0.0,-0.375,5.6875,-0.06,-0.97,9.75,0.0,0.03,-0.16,0.0,0.0022222222222222222,0.0011111111111111111,-14.5,-5.5625,-46.6875,29,-0.0499267578125,0.0035400390625,0.0,0.99871826171875,0.0,-0.375,5.6875
1563146668.223772,0.0,-0.375,5.6875,-0.06,-0.97,9.75,0.02,0.02,-0.15,0.0,0.0011111111111111111,-0.0011111111111111111,-14.5,-5.5625,-46.6875,29,-0.0499267578125,0.0035400390625,0.0,0.99871826171875,0.0,-0.375,5.6875
1563146668.266364,0.0,-0.375,5.6875,-0.06,-0.97,9.75,0.01,0.01,-0.17,0.0022222222222222222,0.0011111111111111111,0.0011111111111111111,-14.5,-5.25,-45.5,29,-0.0499267578125,0.0035400390625,0.0,0.99871826171875,0.0,-0.375,5.6875
1563146668.305488,0.0,-0.375,5.6875,-0.06,-0.97,9.75,0.0,0.02,-0.16,0.0022222222222222222,-0.0022222222222222222,0.0022222222222222222,-14.5,-5.5625,-45.875,29,-0.0499267578125,0.0035400390625,0.0,0.99871826171875,0.0,-0.375,5.6875
1563146668.344012,0.0,-0.375,5.6875,-0.06,-0.97,9.75,0.01,0.01,-0.19,0.0,-0.0011111111111111111,-0.0011111111111111111,-13.75,-5.5625,-45.5,29,-0.0499267578125,0.0035400390625,0.0,0.99871826171875,0.0,-0.375,5.6875
1563146668.382321,0.0,-0.375,5.6875,-0.06,-0.97,9.75,0.0,0.01,-0.14,0.0011111111111111111,-0.0033333333333333335,-0.0011111111111111111,-13.375,-5.5625,-47.0625,29,-0.0499267578125,0.0035400390625,0.0,0.99871826171875,0.0,-0.375,5.6875
1563146668.424426,0.0,-0.375,5.6875,-0.06,-0.97,9.75,0.0,0.02,-0.16,0.0,-0.0011111111111111111,0.0,-13.375,-5.5625,-47.0625,29,-0.0499267578125,0.0035400390625,0.0,0.99871826171875,0.0,-0.375,5.6875
1563146668.466962,0.0,-0.375,5.6875,-0.06,-0.97,9.75,-0.01,0.01,-0.17,0.0011111111111111111,0.0011111111111111111,-0.0011111111111111111,-14.875,-5.25,-45.0625,29,-0.0499267578125,0.0035400390625,0.0,0.99871826171875,0.0,-0.375,5.6875
1563146668.506312,0.0,-0.375,5.6875,-0.06,-0.97,9.75,0.0,0.01,-0.16,0.0022222222222222222,0.0033333333333333335,-0.0011111111111111111,-13.375,-5.25,-46.25,29,-0.0499267578125,0.0035400390625,0.0,0.99871826171875,0.0,-0.375,5.6875
1563146668.544822,0.0,-0.375,5.6875,-0.06,-0.97,9.75,0.01,0.0,-0.21,0.0,0.0011111111111111111,0.0011111111111111111,-15.25,-5.5625,-46.25,29,-0.0499267578125,0.0035400390625,0.0,0.99871826171875,0.0,-0.375,5.6875
1563146668.583175,0.0,-0.375,5.6875,-0.06,-0.97,9.75,0.02,0.02,-0.13,0.0,0.0,-0.0033333333333333335,-14.0625,-5.25,-45.875,29,-0.0499267578125,0.0035400390625,0.0,0.99871826171875,0.0,-0.375,5.6875
1563146668.624996,0.0,-0.375,5.6875,-0.06,-0.97,9.75,0.02,0.01,-0.15,0.0011111111111111111,-0.0011111111111111111,-0.0022222222222222222,-14.0625,-5.25,-45.875,29,-0.0499267578125,0.0035400390625,0.0,0.99871826171875,0.0,-0.375,5.6875
1563146668.665917,0.0,-0.375,5.6875,-0.06,-0.97,9.75,0.01,0.01,-0.16,0.0011111111111111111,-0.0033333333333333335,0.0022222222222222222,-15.5625,-5.5625,-45.5625,29,-0.0499267578125,0.0035400390625,0.0,0.99871826171875,0.0,-0.375,5.6875
1563146668.705372,0.0,-0.375,5.6875,-0.06,-0.97,9.75,0.0,0.03,-0.18,0.0011111111111111111,0.0,0.0,-14.0625,-6.375,-45.875,29,-0.0499267578125,0.0035400390625,0.0,0.99871826171875,0.0,-0.375,5.6875
1563146668.743711,0.0,-0.375,5.6875,-0.06,-0.97,9.75,0.0,0.01,-0.17,0.0011111111111111111,-0.0033333333333333335,-0.0044444444444444444,-14.0625,-5.25,-47.0625,28,-0.0499267578125,0.0035400390625,0.0,0.99871826171875,0.0,-0.375,5.6875
1563146668.783921,0.0,-0.375,5.6875,-0.06,-0.97,9.75,-0.01,0.02,-0.15,0.0,-0.0011111111111111111,0.0033333333333333335,-14.0625,-6.0,-47.0625,28,-0.0499267578125,0.0035400390625,0.0,0.99871826171875,0.0,-0.375,5.6875
1563146668.827525,0.0,-0.375,5.6875,-0.06,-0.97,9.75,-0.01,0.01,-0.16,0.0011111111111111111,-0.0011111111111111111,-0.0011111111111111111,-14.0625,-6.0,-47.0625,28,-0.0499267578125,0.0035400390625,0.0,0.99871826171875,0.0,-0.375,5.6875
1563146668.868512,0.0,-0.375,5.6875,-0.06,-0.97,9.75,0.0,0.0,-0.17,0.0,0.0022222222222222222,0.0011111111111111111,-14.5,-5.5625,-45.875,28,-0.0499267578125,0.0035400390625,0.0,0.99871826171875,0.0,-0.375,5.6875
1563146668.907901,0.0,-0.375,5.6875,-0.06,-0.97,9.75,0.0,0.02,-0.17,0.0022222222222222222,0.0011111111111111111,-0.0022222222222222222,-14.0625,-6.375,-45.5,28,-0.0499267578125,0.0035400390625,0.0,0.99871826171875,0.0,-0.375,5.6875
1563146668.946113,0.0,-0.375,5.6875,-0.06,-0.97,9.75,0.0,0.03,-0.18,0.0,0.0022222222222222222,-0.0022222222222222222,-13.375,-6.375,-46.6875,28,-0.0499267578125,0.0035400390625,0.0,0.99871826171875,0.0,-0.375,5.6875
1563146668.984706,0.0,-0.375,5.6875,-0.06,-0.97,9.75,0.01,0.01,-0.15,0.0,0.0,0.0,-14.0625,-4.875,-47.0625,28,-0.0499267578125,0.0035400390625,0.0,0.99871826171875,0.0,-0.375,5.6875
1563146669.026552,0.0,-0.375,5.6875,-0.06,-0.97,9.75,0.0,0.01,-0.17,0.0011111111111111111,0.0044444444444444444,0.0,-14.0625,-4.875,-47.0625,28,-0.0499267578125,0.0035400390625,0.0,0.99871826171875,0.0,-0.375,5.6875
1563146669.067617,0.0,-0.375,5.6875,-0.06,-0.97,9.75,0.01,0.02,-0.16,0.0033333333333333335,-0.0011111111111111111,0.0011111111111111111,-14.0625,-4.875,-44.75,28,-0.0499267578125,0.0035400390625,0.0,0.99871826171875,0.0,-0.375,5.6875
1563146669.10686,0.0,-0.375,5.6875,-0.06,-0.97,9.75,0.0,0.02,-0.17,-0.0011111111111111111,0.0022222222222222222,0.0011111111111111111,-13.75,-5.5625,-45.875,28,-0.0499267578125,0.0035400390625,0.0,0.99871826171875,0.0,-0.375,5.6875
1563146669.145328,0.0,-0.375,5.6875,-0.06,-0.97,9.75,0.0,0.01,-0.16,-0.0011111111111111111,0.0011111111111111111,0.0,-14.5,-5.25,-45.875,28,-0.0499267578125,0.0035400390625,0.0,0.99871826171875,0.0,-0.375,5.6875
1563146669.185477,0.0,-0.375,5.6875,-0.06,-0.97,9.75,0.0,0.0,-0.16,0.0,0.0,0.0011111111111111111,-14.5,-5.5625,-46.25,28,-0.0499267578125,0.0035400390625,0.0,0.99871826171875,0.0,-0.375,5.6875
1563146669.227311,0.0,-0.375,5.6875,-0.06,-0.97,9.75,0.0,0.02,-0.17,0.0011111111111111111,0.0,0.0,-14.5,-5.5625,-46.25,28,-0.0499267578125,0.0035400390625,0.0,0.99871826171875,0.0,-0.375,5.6875
1563146669.268299,0.0,-0.375,5.6875,-0.06,-0.97,9.75,0.02,0.02,-0.16,0.0,0.0022222222222222222,0.0011111111111111111,-14.5,-5.25,-45.875,28,-0.0499267578125,0.0035400390625,0.0,0.99871826171875,0.0,-0.375,5.6875
1563146669.307716,0.0,-0.375,5.6875,-0.06,-0.97,9.75,0.01,0.02,-0.16,0.0011111111111111111,0.0011111111111111111,-0.0011111111111111111,-14.875,-5.5625,-46.25,28,-0.0499267578125,0.0035400390625,0.0,0.99871826171875,0.0,-0.375,5.6875
1563146669.346185,0.0,-0.375,5.6875,-0.06,-0.97,9.75,0.02,0.0,-0.19,0.0,-0.0011111111111111111,-0.0011111111111111111,-14.0625,-6.0,-45.5,28,-0.0499267578125,0.0035400390625,0.0,0.99871826171875,0.0,-0.375,5.6875
1563146669.386303,0.0,-0.375,5.6875,-0.06,-0.97,9.75,-0.01,0.01,-0.17,0.0,-0.0022222222222222222,0.0033333333333333335,-14.0625,-6.0,-46.25,28,-0.0499267578125,0.0035400390625,0.0,0.99871826171875,0.0,-0.375,5.6875
1563146669.428227,0.0,-0.375,5.6875,-0.06,-0.97,9.75,0.0,0.01,-0.2,0.0,0.0,0.0011111111111111111,-14.0625,-6.0,-46.25,28,-0.0499267578125,0.0035400390625,0.0,0.99871826171875,0.0,-0.375,5.6875
1563146669.4691,0.0,-0.375,5.6875,-0.06,-0.97,9.75,0.01,0.01,-0.19,0.0,0.0,0.0,-14.5,-4.875,-45.5,28,-0.0499267578125,0.0035400390625,0.0,0.99871826171875,0.0,-0.375,5.6875
1563146669.508472,0.0,-0.375,5.6875,-0.06,-0.97,9.75,0.0,0.01,-0.19,0.0,0.0033333333333333335,0.0011111111111111111,-14.875,-6.0,-46.6875,28,-0.0499267578125,0.0035400390625,0.0,0.99871826171875,0.0,-0.375,5.6875
1563146669.546926,0.0,-0.375,5.6875,-0.06,-0.97,9.75,0.02,0.01,-0.18,0.0011111111111111111,0.0011111111111111111,0.0011111111111111111,-14.0625,-5.25,-45.0625,28,-0.0499267578125,0.0035400390625,0.0,0.99871826171875,0.0,-0.375,5.6875
1563146669.587059,0.0,-0.375,5.6875,-0.06,-0.97,9.75,-0.01,0.02,-0.18,0.0,0.0011111111111111111,-0.0011111111111111111,-15.25,-5.5625,-46.25,28,-0.0499267578125,0.0035400390625,0.0,0.99871826171875,0.0,-0.375,5.6875
1563146669.629084,0.0,-0.375,5.6875,-0.06,-0.97,9.75,0.0,0.01,-0.19,0.0,0.0011111111111111111,0.0,-15.25,-5.5625,-46.25,28,-0.0499267578125,0.0035400390625,0.0,0.99871826171875,0.0,-0.375,5.6875
1563146669.66991,0.0,-0.375,5.6875,-0.06,-0.97,9.75,0.0,0.02,-0.18,0.0,0.0022222222222222222,0.0,-14.0625,-4.875,-45.875,28,-0.0499267578125,0.0035400390625,0.0,0.99871826171875,0.0,-0.375,5.6875
1563146669.709315,0.0,-0.375,5.6875,-0.06,-0.97,9.75,0.01,0.0,-0.16,0.0011111111111111111,0.0,0.0,-14.0625,-5.25,-45.875,28,-0.0499267578125,0.0035400390625,0.0,0.99871826171875,0.0,-0.375,5.6875
1563146669.747642,0.0,-0.375,5.6875,-0.06,-0.97,9.75,0.0,0.02,-0.16,0.0022222222222222222,0.0011111111111111111,0.0011111111111111111,-14.0625,-5.5625,-46.25,28,-0.0499267578125,0.0035400390625,0.0,0.99871826171875,0.0,-0.375,5.6875
1563146669.787926,0.0,-0.375,5.6875,-0.06,-0.97,9.75,0.0,0.01,-0.13,0.0,0.0011111111111111111,0.0022222222222222222,-13.75,-6.375,-47.0625,28,-0.0499267578125,0.0035400390625,0.0,0.99871826171875,0.0,-0.375,5.6875
1563146669.831413,0.0,-0.375,5.6875,-0.06,-0.97,9.75,0.0,0.03,-0.17,-0.0011111111111111111,-0.0011111111111111111,0.0022222222222222222,-13.75,-6.375,-47.0625,28,-0.0499267578125,0.0035400390625,0.0,0.99871826171875,0.0,-0.375,5.6875
1563146669.872363,0.0,-0.375,5.6875,-0.06,-0.97,9.75,0.0,0.02,-0.18,0.0,-0.0022222222222222222,-0.0011111111111111111,-14.5,-5.25,-45.5625,28,-0.0499267578125,0.0035400390625,0.0,0.99871826171875,0.0,-0.375,5.6875
1563146669.911948,0.0,-0.375,5.6875,-0.06,-0.97,9.75,0.0,0.01,-0.16,0.0,0.0011111111111111111,0.0,-14.5,-6.0,-46.25,28,-0.0499267578125,0.0035400390625,0.0,0.99871826171875,0.0,-0.375,5.6875
1563146669.950304,0.0,-0.375,5.6875,-0.06,-0.97,9.75,0.01,0.01,-0.16,-0.0011111111111111111,0.0,-0.0011111111111111111,-13.75,-6.375,-45.5625,28,-0.0499267578125,0.0035400390625,0.0,0.99871826171875,0.0,-0.375,5.6875
1563146669.988692,0.0,-0.375,5.6875,-0.06,-0.97,9.75,0.01,0.03,-0.17,0.0,-0.0011111111111111111,0.0,-14.875,-5.5625,-45.5625,28,-0.0499267578125,0.0035400390625,0.0,0.99871826171875,0.0,-0.375,5.6875
1563146670.030615,0.0,-0.375,5.6875,-0.06,-0.97,9.75,0.0,0.01,-0.17,0.0011111111111111111,0.0,-0.0022222222222222222,-14.875,-5.5625,-45.5625,28,-0.0499267578125,0.0035400390625,0.0,0.99871826171875,0.0,-0.375,5.6875
1563146670.071572,0.0,-0.375,5.6875,-0.06,-0.97,9.75,0.0,0.0,-0.16,0.0,0.0,-0.0022222222222222222,-14.875,-6.375,-45.5625,28,-0.0499267578125,0.0035400390625,0.0,0.99871826171875,0.0,-0.375,5.6875
1563146670.110976,0.0,-0.375,5.6875,-0.06,-0.97,9.75,0.01,0.03,-0.15,0.0,0.0,-0.0011111111111111111,-13.75,-5.5625,-45.0625,28,-0.0499267578125,0.0035400390625,0.0,0.99871826171875,0.0,-0.375,5.6875
1563146670.149352,0.0,-0.375,5.6875,-0.06,-0.97,9.75,0.0,0.01,-0.18,0.0,0.0022222222222222222,0.0,-14.875,-6.0,-45.875,28,-0.0499267578125,0.0035400390625,0.0,0.99871826171875,0.0,-0.375,5.6875
1563146670.189508,0.0,-0.375,5.6875,-0.06,-0.97,9.75,0.01,0.01,-0.18,0.0,-0.0011111111111111111,0.0,-14.5,-6.0,-46.6875,28,-0.0499267578125,0.0035400390625,0.0,0.99871826171875,0.0,-0.375,5.6875
1563146670.2315,0.0,-0.375,5.6875,-0.06,-0.97,9.75,0.02,0.01,-0.17,-0.0011111111111111111,-0.0033333333333333335,0.0022222222222222222,-14.5,-6.0,-46.6875,28,-0.0499267578125,0.0035400390625,0.0,0.99871826171875,0.0,-0.375,5.6875
1563146670.272453,0.0,-0.375,5.6875,-0.06,-0.97,9.75,0.0,0.01,-0.19,0.0,0.0011111111111111111,-0.0011111111111111111,-15.25,-4.875,-45.5625,28,-0.0499267578125,0.0035400390625,0.0,0.99871826171875,0.0,-0.375,5.6875
1563146670.311857,0.0,-0.375,5.6875,-0.06,-0.97,9.75,0.0,0.02,-0.19,-0.0011111111111111111,0.0011111111111111111,0.0,-14.5,-5.5625,-47.0625,28,-0.0499267578125,0.0035400390625,0.0,0.99871826171875,0.0,-0.375,5.6875
1563146670.350212,0.0,-0.375,5.6875,-0.06,-0.97,9.75,0.02,0.01,-0.19,0.0,0.0011111111111111111,-0.0033333333333333335,-14.5,-6.0,-46.25,28,-0.0499267578125,0.0035400390625,0.0,0.99871826171875,0.0,-0.375,5.6875
1563146670.390395,0.0,-0.375,5.6875,-0.06,-0.97,9.75,0.0,0.01,-0.15,0.0011111111111111111,-0.0011111111111111111,0.0,-14.0625,-6.375,-45.875,28,-0.0499267578125,0.0035400390625,0.0,0.99871826171875,0.0,-0.375,5.6875
1563146670.432455,0.0,-0.375,5.6875,-0.06,-0.97,9.75,0.01,0.02,-0.16,0.0011111111111111111,-0.0011111111111111111,-0.0011111111111111111,-14.0625,-6.375,-45.875,28,-0.0499267578125,0.0035400390625,0.0,0.99871826171875,0.0,-0.375,5.6875
1563146670.473184,0.0,-0.375,5.6875,-0.06,-0.97,9.75,0.01,0.02,-0.18,0.0022222222222222222,0.0011111111111111111,0.0011111111111111111,-16.0,-6.0,-46.25,28,-0.0499267578125,0.0035400390625,0.0,0.99871826171875,0.0,-0.375,5.6875
1563146670.512604,0.0,-0.375,5.6875,-0.06,-0.97,9.75,-0.01,0.04,-0.2,0.0011111111111111111,-0.0022222222222222222,0.0022222222222222222,-13.75,-6.0,-45.875,28,-0.0499267578125,0.0035400390625,0.0,0.99871826171875,0.0,-0.375,5.6875
1563146670.550953,0.0,-0.375,5.6875,-0.06,-0.97,9.75,0.0,0.01,-0.16,0.0,0.0,0.0011111111111111111,-14.5,-6.375,-46.75,28,-0.0499267578125,0.0035400390625,0.0,0.99871826171875,0.0,-0.375,5.6875
1563146670.591245,0.0,-0.375,5.6875,-0.06,-0.97,9.75,0.0,0.01,-0.19,-0.0011111111111111111,0.0022222222222222222,0.0,-15.5625,-6.75,-45.875,28,-0.0499267578125,0.0035400390625,0.0,0.99871826171875,0.0,-0.375,5.6875
1563146670.633076,0.0,-0.375,5.6875,-0.06,-0.97,9.75,0.0,0.01,-0.16,0.0011111111111111111,0.0022222222222222222,0.0,-15.5625,-6.75,-45.875,28,-0.0499267578125,0.0035400390625,0.0,0.99871826171875,0.0,-0.375,5.6875
1563146670.674022,0.0,-0.375,5.6875,-0.06,-0.97,9.75,0.01,0.01,-0.17,0.0,0.0022222222222222222,0.0011111111111111111,-14.0625,-5.25,-44.375,28,-0.0499267578125,0.0035400390625,0.0,0.99871826171875,0.0,-0.375,5.6875
1563146670.713341,0.0,-0.375,5.6875,-0.06,-0.97,9.75,0.0,0.03,-0.17,0.0011111111111111111,-0.0011111111111111111,0.0011111111111111111,-14.0625,-6.0,-46.25,28,-0.0499267578125,0.0035400390625,0.0,0.99871826171875,0.0,-0.375,5.6875
1563146670.751837,0.0,-0.375,5.6875,-0.06,-0.97,9.75,0.0,0.02,-0.18,0.0,0.0022222222222222222,0.0,-14.0625,-5.25,-45.5625,28,-0.0499267578125,0.0035400390625,0.0,0.99871826171875,0.0,-0.375,5.6875
1563146670.791989,0.0,-0.375,5.6875,-0.06,-0.97,9.75,0.01,0.02,-0.15,0.0,0.0,-0.0011111111111111111,-14.875,-6.0,-46.75,28,-0.0499267578125,0.0035400390625,0.0,0.99871826171875,0.0,-0.375,5.6875
1563146670.83576,0.0,-0.375,5.6875,-0.06,-0.97,9.75,0.0,0.03,-0.19,0.0,-0.0033333333333333335,0.0011111111111111111,-14.875,-6.0,-46.75,28,-0.0499267578125,0.0035400390625,0.0,0.99871826171875,0.0,-0.375,5.6875
1563146670.876541,0.0,-0.375,5.6875,-0.06,-0.97,9.75,0.0,0.03,-0.18,-0.0011111111111111111,-0.0011111111111111111,0.0011111111111111111,-13.375,-6.75,-45.875,28,-0.0499267578125,0.0035400390625,0.0,0.99871826171875,0.0,-0.375,5.6875
1563146670.916078,0.0,-0.375,5.6875,-0.06,-0.97,9.75,0.0,0.02,-0.19,0.0,-0.0022222222222222222,0.0,-13.375,-5.25,-45.5625,28,-0.0499267578125,0.0035400390625,0.0,0.99871826171875,0.0,-0.375,5.6875
1563146670.954391,0.0,-0.375,5.6875,-0.06,-0.97,9.75,0.0,0.02,-0.19,0.0,0.0022222222222222222,-0.0022222222222222222,-14.875,-5.25,-45.5625,28,-0.0499267578125,0.0035400390625,0.0,0.99871826171875,0.0,-0.375,5.6875
1563146670.992821,0.0,-0.375,5.6875,-0.06,-0.97,9.75,0.02,0.02,-0.18,-0.0011111111111111111,-0.0022222222222222222,0.0,-14.5,-6.375,-46.25,28,-0.0499267578125,0.0035400390625,0.0,0.99871826171875,0.0,-0.375,5.6875
1563146671.034675,0.0,-0.375,5.6875,-0.06,-0.97,9.75,0.0,0.01,-0.18,-0.0022222222222222222,0.0,-0.0011111111111111111,-14.5,-6.375,-46.25,28,-0.0499267578125,0.0035400390625,0.0,0.99871826171875,0.0,-0.375,5.6875
1563146671.075566,0.0,-0.375,5.6875,-0.06,-0.97,9.75,0.01,0.02,-0.19,-0.0011111111111111111,-0.0033333333333333335,0.0011111111111111111,-14.5,-6.375,-46.25,28,-0.0499267578125,0.0035400390625,0.0,0.99871826171875,0.0,-0.375,5.6875
1563146671.115032,0.0,-0.375,5.6875,-0.06,-0.97,9.75,0.0,0.03,-0.17,0.0011111111111111111,0.0,-0.0011111111111111111,-15.25,-5.5625,-46.25,28,-0.0499267578125,0.0035400390625,0.0,0.99871826171875,0.0,-0.375,5.6875
1563146671.153489,0.0,-0.375,5.6875,-0.06,-0.97,9.75,0.01,0.02,-0.2,-0.0022222222222222222,0.0033333333333333335,0.0011111111111111111,-14.5,-5.5625,-46.25,28,-0.0499267578125,0.0035400390625,0.0,0.99871826171875,0.0,-0.375,5.6875
1563146671.193654,0.0,-0.375,5.6875,-0.06,-0.97,9.75,0.01,0.04,-0.16,-0.0011111111111111111,-0.0011111111111111111,0.0,-13.75,-6.0,-45.875,28,-0.0499267578125,0.0035400390625,0.0,0.99871826171875,0.0,-0.375,5.6875
1563146671.237299,0.0,-0.375,5.6875,-0.06,-0.97,9.75,-0.01,0.01,-0.17,-0.0033333333333333335,0.0044444444444444444,-0.0011111111111111111,-13.75,-6.0,-45.875,28,-0.0499267578125,0.0035400390625,0.0,0.99871826171875,0.0,-0.375,5.6875
1563146671.278156,0.0,-0.375,5.6875,-0.06,-0.97,9.75,0.0,0.01,-0.17,-0.0011111111111111111,-0.0011111111111111111,0.0011111111111111111,-14.5,-5.25,-45.0625,28,-0.0499267578125,0.0035400390625,0.0,0.99871826171875,0.0,-0.375,5.6875
1563146671.317665,0.0,-0.375,5.6875,-0.06,-0.97,9.75,0.0,0.02,-0.15,-0.0011111111111111111,0.0,0.0,-13.75,-5.5625,-45.5625,28,-0.0499267578125,0.0035400390625,0.0,0.99871826171875,0.0,-0.375,5.6875
1563146671.356078,0.0,-0.375,5.6875,-0.06,-0.97,9.75,0.0,0.04,-0.19,0.0,0.0022222222222222222,0.0,-13.375,-5.5625,-44.375,28,-0.0499267578125,0.0035400390625,0.0,0.99871826171875,0.0,-0.375,5.6875
1563146671.394442,0.0,-0.375,5.6875,-0.06,-0.97,9.75,0.0,0.02,-0.18,0.0,-0.0011111111111111111,0.0,-13.75,-5.5625,-45.875,28,-0.0499267578125,0.0035400390625,0.0,0.99871826171875,0.0,-0.375,5.6875
1563146671.43638,0.0,-0.375,5.6875,-0.06,-0.97,9.75,0.01,0.02,-0.18,0.0011111111111111111,-0.0011111111111111111,0.0,-13.75,-5.5625,-45.875,28,-0.0499267578125,0.0035400390625,0.0,0.99871826171875,0.0,-0.375,5.6875
1563146671.477298,0.0,-0.375,5.6875,-0.06,-0.97,9.75,-0.01,0.0,-0.19,0.0011111111111111111,0.0,0.0011111111111111111,-14.875,-6.0,-46.25,28,-0.0499267578125,0.0035400390625,0.0,0.99871826171875,0.0,-0.375,5.6875
1563146671.516648,0.0,-0.375,5.6875,-0.06,-0.97,9.75,0.0,0.03,-0.19,0.0,0.0,0.0022222222222222222,-14.0625,-5.5625,-46.375,28,-0.0499267578125,0.0035400390625,0.0,0.99871826171875,0.0,-0.375,5.6875
1563146671.555106,0.0,-0.375,5.6875,-0.06,-0.97,9.75,0.02,0.02,-0.17,0.0011111111111111111,-0.0011111111111111111,0.0011111111111111111,-14.5,-5.5625,-46.25,28,-0.0499267578125,0.0035400390625,0.0,0.99871826171875,0.0,-0.375,5.6875
1563146671.595269,0.0,-0.375,5.6875,-0.06,-0.97,9.75,0.0,0.01,-0.18,0.0011111111111111111,-0.0011111111111111111,0.0,-14.5,-6.0,-46.6875,28,-0.0499267578125,0.0035400390625,0.0,0.99871826171875,0.0,-0.375,5.6875
1563146671.637109,0.0,-0.375,5.6875,-0.06,-0.97,9.75,0.0,0.03,-0.18,0.0011111111111111111,0.0011111111111111111,-0.0011111111111111111,-14.5,-6.0,-46.6875,28,-0.0499267578125,0.0035400390625,0.0,0.99871826171875,0.0,-0.375,5.6875
1563146671.678004,0.0,-0.375,5.6875,-0.06,-0.97,9.75,0.0,0.01,-0.18,0.0,-0.0022222222222222222,0.0,-13.75,-5.25,-46.25,28,-0.0499267578125,0.0035400390625,0.0,0.99871826171875,0.0,-0.375,5.6875
1563146671.717441,0.0,-0.375,5.6875,-0.06,-0.97,9.75,0.0,0.01,-0.15,0.0011111111111111111,0.0011111111111111111,0.0011111111111111111,-14.5,-6.375,-46.25,28,-0.0499267578125,0.0035400390625,0.0,0.99871826171875,0.0,-0.375,5.6875
1563146671.755922,0.0,-0.375,5.6875,-0.06,-0.97,9.75,0.01,0.02,-0.16,-0.0022222222222222222,0.0011111111111111111,0.0,-14.0625,-6.0,-46.25,29,-0.0499267578125,0.0035400390625,0.0,0.99871826171875,0.0,-0.375,5.6875
1563146671.796022,0.0,-0.375,5.6875,-0.06,-0.97,9.75,0.0,0.03,-0.19,0.0011111111111111111,-0.0011111111111111111,0.0,-14.875,-5.25,-46.75,29,-0.0499267578125,0.0035400390625,0.0,0.99871826171875,0.0,-0.375,5.6875
1563146671.839629,0.0,-0.375,5.6875,-0.06,-0.97,9.75,0.0,0.03,-0.16,0.0,0.0011111111111111111,-0.0011111111111111111,-14.875,-5.25,-46.75,29,-0.0499267578125,0.0035400390625,0.0,0.99871826171875,0.0,-0.375,5.6875
1563146671.880613,0.0,-0.375,5.6875,-0.06,-0.97,9.75,0.0,0.03,-0.18,0.0011111111111111111,0.0,0.0,-14.875,-5.5625,-46.25,29,-0.0499267578125,0.0035400390625,0.0,0.99871826171875,0.0,-0.375,5.6875
1563146671.920026,0.0,-0.375,5.6875,-0.06,-0.97,9.75,0.01,0.02,-0.17,0.0,0.0,0.0011111111111111111,-14.0625,-6.0,-46.25,29,-0.0499267578125,0.0035400390625,0.0,0.99871826171875,0.0,-0.375,5.6875
1563146671.958428,0.0,-0.375,5.6875,-0.06,-0.97,9.75,0.01,0.01,-0.19,-0.0011111111111111111,-0.0011111111111111111,0.0,-14.875,-4.875,-46.25,29,-0.0499267578125,0.0035400390625,0.0,0.99871826171875,0.0,-0.375,5.6875
1563146671.996762,0.0,-0.375,5.6875,-0.06,-0.97,9.75,0.0,0.01,-0.16,-0.0011111111111111111,-0.0011111111111111111,-0.0022222222222222222,-14.5,-6.375,-46.75,29,-0.0499267578125,0.0035400390625,0.0,0.99871826171875,0.0,-0.375,5.6875
1563146672.03866,0.0,-0.375,5.6875,-0.06,-0.97,9.75,0.01,0.01,-0.18,-0.0011111111111111111,-0.0044444444444444444,0.0,-14.5,-6.375,-46.75,29,-0.0499267578125,0.0035400390625,0.0,0.99871826171875,0.0,-0.375,5.6875
1563146672.079681,0.0,-0.375,5.6875,-0.06,-0.97,9.75,0.0,0.01,-0.18,0.0,-0.0033333333333333335,0.0033333333333333335,-14.5,-5.25,-45.875,29,-0.0499267578125,0.0035400390625,0.0,0.99871826171875,0.0,-0.375,5.6875
1563146672.119066,0.0,-0.375,5.6875,-0.06,-0.97,9.75,0.0,0.01,-0.16,-0.0011111111111111111,-0.0011111111111111111,0.0011111111111111111,-14.0625,-5.25,-46.25,29,-0.0499267578125,0.0035400390625,0.0,0.99871826171875,0.0,-0.375,5.6875
1563146672.157446,0.0,-0.375,5.6875,-0.06,-0.97,9.75,0.02,0.02,-0.19,0.0,0.0011111111111111111,0.0011111111111111111,-13.0,-5.25,-46.25,29,-0.0499267578125,0.0035400390625,0.0,0.99871826171875,0.0,-0.375,5.6875
1563146672.197642,0.0,-0.375,5.6875,-0.06,-0.97,9.75,0.01,0.02,-0.18,0.0,0.0,-0.0022222222222222222,-14.5,-6.0,-47.0625,29,-0.0499267578125,0.0035400390625,0.0,0.99871826171875,0.0,-0.375,5.6875
1563146672.239666,0.0,-0.375,5.6875,-0.06,-0.97,9.75,0.0,0.0,-0.16,0.0011111111111111111,-0.0011111111111111111,0.0022222222222222222,-14.5,-6.0,-47.0625,29,-0.0499267578125,0.0035400390625,0.0,0.99871826171875,0.0,-0.375,5.6875
1563146672.28805,0.0,-0.375,5.6875,-0.06,-0.97,9.75,0.0,0.02,-0.19,0.0011111111111111111,-0.0011111111111111111,-0.0011111111111111111,-14.0625,-5.5625,-45.875,29,-0.0499267578125,0.0035400390625,0.0,0.99871826171875,0.0,-0.375,5.6875
1563146672.331134,0.0,-0.375,5.6875,-0.06,-0.97,9.75,0.0,0.02,-0.19,0.0022222222222222222,-0.0022222222222222222,0.0,-14.5,-5.25,-46.6875,29,-0.0499267578125,0.0035400390625,0.0,0.99871826171875,0.0,-0.375,5.6875
1563146672.370244,0.0,-0.375,5.6875,-0.06,-0.97,9.75,0.0,0.01,-0.19,-0.0011111111111111111,-0.0011111111111111111,0.0022222222222222222,-15.25,-4.5,-45.875,29,-0.0499267578125,0.0035400390625,0.0,0.99871826171875,0.0,-0.375,5.6875
1563146672.408508,0.0,-0.375,5.6875,-0.06,-0.97,9.75,0.0,0.03,-0.17,0.0,-0.0011111111111111111,0.0,-14.875,-4.875,-45.5625,29,-0.0499267578125,0.0035400390625,0.0,0.99871826171875,0.0,-0.375,5.6875
1563146672.44857,0.0,-0.375,5.6875,-0.06,-0.97,9.75,0.0,0.03,-0.15,0.0011111111111111111,0.0033333333333333335,-0.0022222222222222222,-14.0625,-5.5625,-47.5,29,-0.0499267578125,0.0035400390625,0.0,0.99871826171875,0.0,-0.375,5.6875
1563146672.488778,0.0,-0.375,5.6875,-0.06,-0.97,9.75,0.0,0.01,-0.18,-0.0011111111111111111,-0.0022222222222222222,-0.0011111111111111111,-14.0625,-5.5625,-47.5,29,-0.0499267578125,0.0035400390625,0.0,0.99871826171875,0.0,-0.375,5.6875
1563146672.524792,0.0,-0.375,5.6875,-0.06,-0.97,9.75,0.01,0.02,-0.18,0.0011111111111111111,0.0,-0.0011111111111111111,-14.0625,-6.375,-44.75,29,-0.0499267578125,0.0035400390625,0.0,0.99871826171875,0.0,-0.375,5.6875
1563146672.56275,0.0,-0.375,5.6875,-0.06,-0.97,9.75,0.01,0.02,-0.19,-0.0011111111111111111,0.0,-0.0011111111111111111,-14.5,-5.5625,-45.0625,29,-0.0499267578125,0.0035400390625,0.0,0.99871826171875,0.0,-0.375,5.6875
1563146672.601006,0.0,-0.375,5.6875,-0.06,-0.97,9.75,0.01,0.03,-0.16,-0.0011111111111111111,-0.0022222222222222222,0.0,-14.0625,-6.0,-46.25,29,-0.0499267578125,0.0035400390625,0.0,0.99871826171875,0.0,-0.375,5.6875
1563146672.641287,0.0,-0.375,5.6875,-0.06,-0.97,9.75,0.0,0.02,-0.19,0.0,0.0033333333333333335,0.0,-14.0625,-6.0,-46.25,29,-0.0499267578125,0.0035400390625,0.0,0.99871826171875,0.0,-0.375,5.6875
1563146672.682082,0.0,-0.375,5.6875,-0.06,-0.97,9.75,0.0,0.01,-0.19,0.0011111111111111111,0.0033333333333333335,-0.0011111111111111111,-13.75,-5.25,-46.25,29,-0.0499267578125,0.0035400390625,0.0,0.99871826171875,0.0,-0.375,5.6875
1563146672.7216,0.0,-0.375,5.6875,-0.06,-0.97,9.75,0.0,0.01,-0.18,0.0022222222222222222,-0.0022222222222222222,0.0011111111111111111,-14.5,-5.25,-46.75,29,-0.0499267578125,0.0035400390625,0.0,0.99871826171875,0.0,-0.375,5.6875
1563146672.761701,0.0,-0.375,5.6875,-0.06,-0.97,9.75,0.02,0.01,-0.18,0.0022222222222222222,-0.0011111111111111111,-0.0011111111111111111,-14.5,-6.0,-45.5625,29,-0.0499267578125,0.0035400390625,0.0,0.99871826171875,0.0,-0.375,5.6875
1563146672.800175,0.0,-0.375,5.6875,-0.06,-0.97,9.75,0.03,0.01,-0.17,-0.0011111111111111111,0.0,0.0011111111111111111,-14.5,-6.0,-47.0625,29,-0.0499267578125,0.0035400390625,0.0,0.99871826171875,0.0,-0.375,5.6875
1563146672.84386,0.0,-0.375,5.6875,-0.06,-0.97,9.75,0.0,0.03,-0.16,-0.0011111111111111111,0.0,-0.0022222222222222222,-14.5,-6.0,-47.0625,29,-0.0499267578125,0.0035400390625,0.0,0.99871826171875,0.0,-0.375,5.6875
1563146672.884649,0.0,-0.375,5.6875,-0.06,-0.97,9.75,0.01,0.02,-0.19,0.0,0.0022222222222222222,0.0,-15.25,-5.5625,-45.5625,29,-0.0499267578125,0.0035400390625,0.0,0.99871826171875,0.0,-0.375,5.6875
1563146672.924185,0.0,-0.375,5.6875,-0.06,-0.97,9.75,0.01,0.03,-0.17,0.0,-0.0033333333333333335,0.0022222222222222222,-14.0625,-6.0,-45.875,29,-0.0499267578125,0.0035400390625,0.0,0.99871826171875,0.0,-0.375,5.6875
